num,color
0,7
1,5
2,0
3,7
4,3
5,2
6,0
7,1
8,1
9,6
10,0
11,0
12,2
13,7
14,5
15,5
16,6
17,2
18,4
19,1
20,2
21,3
22,0
23,1
24,1
25,2
26,6
27,1
28,0
29,2
30,7
31,5
32,6
33,4
34,7
35,4
36,4
37,4
38,4
39,6
40,1
41,2
42,0
43,7
44,2
45,3
46,2
47,4
48,0
49,1
50,2
51,6
52,2
53,0
54,4
55,5
56,5
57,2
58,7
59,6
60,0
61,6
62,7
63,0
64,5
65,5
66,7
67,3
68,5
69,5
70,3
71,2
72,3
73,1
74,4
75,3
76,4
77,0
78,5
79,5
80,5
81,5
82,7
83,1
84,6
85,0
86,0
87,4
88,6
89,3
90,0
91,3
92,7
93,7
94,7
95,0
96,3
97,7
98,1
99,5
100,7
101,5
102,4
103,6
104,6
105,5
106,4
107,4
108,1
109,7
110,5
111,7
112,6
113,0
114,1
115,3
116,7
117,3
118,1
119,6
120,5
121,3
122,1
123,1
124,4
125,5
126,0
127,6
128,0
129,4
130,5
131,1
132,0
133,5
134,1
135,1
136,2
137,4
138,0
139,1
140,0
141,6
142,1
143,2
144,2
145,1
146,1
147,4
148,4
149,1
150,2
151,4
152,1
153,4
154,2
155,0
156,7
157,0
158,1
159,1
160,5
161,3
162,3
163,0
164,2
165,3
166,0
167,4
168,0
169,0
170,0
171,3
172,2
173,7
174,2
175,7
176,1
177,0
178,6
179,3
180,5
181,2
182,2
183,6
184,2
185,5
186,3
187,7
188,1
189,0
190,4
191,2
192,0
193,4
194,3
195,1
196,5
197,1
198,2
199,7
200,7
201,7
202,3
203,1
204,5
205,0
206,0
207,6
208,4
209,5
210,2
211,0
212,2
213,6
214,0
215,3
216,0
217,5
218,3
219,6
220,0
221,5
222,7
223,0
224,4
225,7
226,5
227,5
228,7
229,5
230,6
231,1
232,7
233,3
234,2
235,4
236,3
237,3
238,3
239,6
240,1
241,0
242,3
243,5
244,4
245,5
246,5
247,4
248,4
249,6
250,3
251,6
252,6
253,7
254,4
255,4
256,6
257,4
258,0
259,4
260,2
261,1
262,6
263,3
264,1
265,3
266,5
267,3
268,3
269,6
270,2
271,0
272,3
273,1
274,3
275,7
276,2
277,7
278,1
279,1
280,6
281,7
282,3
283,7
284,3
285,6
286,0
287,6
288,0
289,3
290,5
291,5
292,5
293,4
294,1
295,4
296,4
297,7
298,4
299,7
300,6
301,3
302,7
303,3
304,7
305,0
306,0
307,1
308,5
309,4
310,4
311,1
312,4
313,0
314,3
315,0
316,6
317,2
318,6
319,5
320,1
321,4
322,4
323,0
324,1
325,5
326,6
327,5
328,0
329,7
330,7
331,0
332,3
333,1
334,0
335,0
336,7
337,5
338,3
339,1
340,3
341,4
342,6
343,4
344,0
345,1
346,2
347,2
348,7
349,4
350,5
351,2
352,1
353,0
354,5
355,7
356,5
357,6
358,6
359,5
360,5
361,3
362,5
363,5
364,2
365,0
366,6
367,7
368,2
369,0
370,3
371,7
372,7
373,0
374,6
375,3
376,1
377,2
378,2
379,4
380,6
381,2
382,4
383,4
384,1
385,5
386,7
387,7
388,1
389,6
390,1
391,5
392,4
393,3
394,0
395,6
396,4
397,0
398,1
399,7
400,0
401,2
402,2
403,4
404,6
405,6
406,6
407,6
408,0
409,3
410,1
411,7
412,4
413,5
414,5
415,4
416,0
417,4
418,4
419,3
420,6
421,5
422,6
423,4
424,4
425,7
426,6
427,5
428,0
429,0
430,0
431,0
432,2
433,1
434,6
435,0
436,2
437,0
438,4
439,4
440,3
441,4
442,0
443,3
444,0
445,6
446,6
447,1
448,7
449,6
450,2
451,1
452,3
453,3
454,7
455,3
456,6
457,7
458,0
459,7
460,6
461,3
462,5
463,3
464,7
465,7
466,0
467,2
468,2
469,4
470,1
471,6
472,4
473,5
474,7
475,7
476,2
477,3
478,7
479,4
480,4
481,1
482,2
483,1
484,0
485,0
486,2
487,2
488,0
489,4
490,5
491,7
492,6
493,6
494,6
495,0
496,7
497,2
498,0
499,3
500,6
501,4
502,4
503,3
504,3
505,7
506,5
507,4
508,3
509,6
510,2
511,5
512,1
513,7
514,4
515,4
516,5
517,4
518,0
519,0
520,5
521,4
522,7
523,3
524,1
525,2
526,4
527,6
528,3
529,4
530,6
531,2
532,6
533,6
534,7
535,4
536,7
537,0
538,4
539,1
540,2
541,6
542,6
543,3
544,6
545,6
546,7
547,2
548,3
549,7
550,1
551,6
552,2
553,0
554,4
555,3
556,6
557,7
558,7
559,6
560,2
561,3
562,1
563,0
564,3
565,4
566,0
567,1
568,0
569,1
570,2
571,7
572,7
573,2
574,2
575,6
576,1
577,0
578,5
579,2
580,1
581,2
582,5
583,3
584,1
585,1
586,5
587,0
588,5
589,5
590,7
591,0
592,4
593,1
594,3
595,4
596,5
597,5
598,0
599,1
600,6
601,3
602,0
603,5
604,3
605,4
606,7
607,7
608,4
609,4
610,4
611,4
612,7
613,3
614,4
615,0
616,1
617,5
618,2
619,2
620,7
621,5
622,3
623,3
624,2
625,5
626,2
627,7
628,2
629,1
630,7
631,5
632,2
633,5
634,6
635,4
636,4
637,3
638,5
639,6
640,6
641,2
642,5
643,2
644,6
645,3
646,5
647,4
648,2
649,6
650,3
651,0
652,3
653,5
654,5
655,7
656,3
657,7
658,7
659,1
660,4
661,0
662,5
663,4
664,3
665,6
666,4
667,3
668,5
669,7
670,4
671,3
672,0
673,1
674,0
675,2
676,5
677,3
678,1
679,0
680,5
681,2
682,0
683,3
684,2
685,6
686,3
687,5
688,7
689,7
690,2
691,1
692,2
693,2
694,2
695,6
696,1
697,0
698,1
699,3
700,3
701,0
702,3
703,4
704,1
705,3
706,5
707,4
708,4
709,1
710,0
711,4
712,0
713,3
714,0
715,2
716,2
717,1
718,6
719,5
720,6
721,5
722,2
723,0
724,5
725,7
726,5
727,5
728,4
729,2
730,6
731,4
732,0
733,6
734,3
735,4
736,1
737,7
738,3
739,1
740,4
741,7
742,2
743,7
744,6
745,0
746,4
747,6
748,5
749,4
750,5
751,6
752,1
753,1
754,1
755,5
756,4
757,7
758,7
759,7
760,5
761,3
762,3
763,5
764,3
765,1
766,5
767,1
768,0
769,5
770,4
771,0
772,4
773,3
774,6
775,1
776,4
777,1
778,4
779,6
780,2
781,1
782,2
783,1
784,7
785,3
786,5
787,1
788,7
789,2
790,0
791,4
792,4
793,5
794,0
795,7
796,5
797,1
798,7
799,3
800,7
801,6
802,6
803,2
804,4
805,7
806,6
807,4
808,4
809,6
810,0
811,3
812,2
813,7
814,3
815,5
816,1
817,3
818,7
819,3
820,6
821,0
822,0
823,5
824,7
825,7
826,5
827,1
828,4
829,7
830,1
831,4
832,5
833,0
834,2
835,7
836,5
837,2
838,0
839,5
840,5
841,7
842,0
843,5
844,4
845,6
846,2
847,3
848,6
849,1
850,7
851,4
852,2
853,1
854,7
855,2
856,0
857,1
858,2
859,4
860,2
861,1
862,5
863,1
864,3
865,4
866,0
867,6
868,6
869,4
870,5
871,7
872,0
873,4
874,3
875,3
876,0
877,5
878,5
879,3
880,6
881,5
882,5
883,3
884,2
885,6
886,4
887,2
888,6
889,3
890,6
891,7
892,7
893,0
894,1
895,5
896,7
897,2
898,7
899,0
900,7
901,5
902,5
903,0
904,4
905,5
906,3
907,5
908,7
909,6
910,4
911,4
912,1
913,0
914,0
915,1
916,6
917,5
918,1
919,5
920,2
921,5
922,2
923,3
924,1
925,5
926,7
927,5
928,3
929,3
930,0
931,4
932,0
933,5
934,0
935,0
936,1
937,2
938,6
939,5
940,0
941,0
942,1
943,6
944,0
945,0
946,1
947,6
948,7
949,0
950,4
951,5
952,2
953,7
954,6
955,7
956,2
957,6
958,5
959,4
960,7
961,5
962,4
963,3
964,2
965,4
966,5
967,0
968,7
969,3
970,5
971,0
972,3
973,3
974,3
975,3
976,2
977,7
978,0
979,1
980,4
981,5
982,6
983,7
984,0
985,2
986,2
987,4
988,2
989,5
990,4
991,0
992,1
993,2
994,1
995,5
996,4
997,2
998,6
999,0
1000,7
1001,0
1002,7
1003,1
1004,0
1005,7
1006,1
1007,0
1008,7
1009,3
1010,5
1011,3
1012,5
1013,6
1014,6
1015,6
1016,4
1017,4
1018,6
1019,2
1020,7
1021,0
1022,3
1023,1
1024,3
1025,0
1026,0
1027,1
1028,7
1029,7
1030,1
1031,7
1032,0
1033,2
1034,6
1035,6
1036,0
1037,5
1038,4
1039,0
1040,0
1041,6
1042,0
1043,3
1044,3
1045,1
1046,6
1047,0
1048,5
1049,6
1050,1
1051,0
1052,3
1053,1
1054,4
1055,0
1056,5
1057,1
1058,0
1059,7
1060,2
1061,3
1062,7
1063,6
1064,2
1065,7
1066,0
1067,7
1068,2
1069,3
1070,4
1071,0
1072,4
1073,6
1074,1
1075,2
1076,5
1077,0
1078,4
1079,5
1080,3
1081,1
1082,4
1083,7
1084,6
1085,7
1086,5
1087,5
1088,5
1089,3
1090,3
1091,0
1092,5
1093,6
1094,7
1095,4
1096,6
1097,0
1098,6
1099,5
1100,7
1101,2
1102,0
1103,3
1104,3
1105,5
1106,7
1107,0
1108,3
1109,2
1110,1
1111,6
1112,6
1113,3
1114,7
1115,6
1116,6
1117,2
1118,7
1119,7
1120,5
1121,0
1122,7
1123,4
1124,0
1125,0
1126,3
1127,2
1128,3
1129,6
1130,0
1131,0
1132,5
1133,2
1134,2
1135,7
1136,5
1137,2
1138,3
1139,4
1140,5
1141,7
1142,5
1143,3
1144,7
1145,6
1146,2
1147,6
1148,5
1149,1
1150,2
1151,7
1152,4
1153,7
1154,5
1155,2
1156,4
1157,2
1158,1
1159,7
1160,1
1161,7
1162,6
1163,7
1164,6
1165,4
1166,0
1167,4
1168,3
1169,5
1170,5
1171,6
1172,4
1173,7
1174,0
1175,3
1176,5
1177,0
1178,5
1179,7
1180,2
1181,6
1182,6
1183,4
1184,3
1185,0
1186,5
1187,3
1188,0
1189,2
1190,2
1191,4
1192,1
1193,5
1194,0
1195,3
1196,2
1197,6
1198,3
1199,3
1200,5
1201,6
1202,5
1203,7
1204,0
1205,2
1206,2
1207,7
1208,0
1209,3
1210,0
1211,0
1212,6
1213,0
1214,2
1215,7
1216,1
1217,3
1218,7
1219,7
1220,4
1221,2
1222,6
1223,1
1224,2
1225,7
1226,5
1227,3
1228,7
1229,2
1230,3
1231,4
1232,1
1233,5
1234,3
1235,7
1236,7
1237,0
1238,2
1239,6
1240,0
1241,6
1242,2
1243,1
1244,0
1245,7
1246,0
1247,7
1248,6
1249,0
1250,2
1251,5
1252,1
1253,0
1254,5
1255,5
1256,4
1257,5
1258,6
1259,0
1260,7
1261,6
1262,0
1263,6
1264,1
1265,2
1266,6
1267,5
1268,3
1269,1
1270,1
1271,1
1272,6
1273,0
1274,4
1275,3
1276,0
1277,3
1278,6
1279,5
1280,3
1281,7
1282,7
1283,5
1284,6
1285,6
1286,7
1287,0
1288,0
1289,6
1290,3
1291,1
1292,2
1293,4
1294,2
1295,2
1296,4
1297,5
1298,7
1299,2
1300,3
1301,5
1302,7
1303,7
1304,1
1305,3
1306,6
1307,6
1308,6
1309,5
1310,5
1311,1
1312,6
1313,0
1314,7
1315,0
1316,3
1317,3
1318,3
1319,3
1320,5
1321,4
1322,4
1323,7
1324,6
1325,3
1326,0
1327,7
1328,2
1329,6
1330,6
1331,5
1332,7
1333,4
1334,4
1335,1
1336,2
1337,6
1338,0
1339,1
1340,3
1341,3
1342,5
1343,2
1344,1
1345,3
1346,7
1347,6
1348,1
1349,6
1350,3
1351,6
1352,3
1353,6
1354,1
1355,2
1356,5
1357,2
1358,3
1359,6
1360,4
1361,5
1362,3
1363,7
1364,0
1365,6
1366,0
1367,7
1368,0
1369,1
1370,1
1371,5
1372,6
1373,6
1374,5
1375,1
1376,4
1377,0
1378,2
1379,6
1380,7
1381,1
1382,5
1383,1
1384,2
1385,4
1386,1
1387,1
1388,6
1389,3
1390,3
1391,7
1392,1
1393,2
1394,6
1395,0
1396,5
1397,4
1398,2
1399,0
1400,3
1401,4
1402,3
1403,1
1404,7
1405,7
1406,7
1407,5
1408,6
1409,0
1410,7
1411,1
1412,5
1413,3
1414,1
1415,2
1416,3
1417,6
1418,6
1419,4
1420,2
1421,5
1422,0
1423,1
1424,2
1425,6
1426,6
1427,7
1428,7
1429,4
1430,3
1431,5
1432,3
1433,7
1434,4
1435,6
1436,7
1437,4
1438,1
1439,7
1440,7
1441,1
1442,5
1443,6
1444,3
1445,4
1446,1
1447,4
1448,5
1449,4
1450,6
1451,5
1452,0
1453,0
1454,2
1455,4
1456,5
1457,7
1458,5
1459,4
1460,4
1461,0
1462,4
1463,5
1464,1
1465,3
1466,5
1467,4
1468,5
1469,6
1470,4
1471,6
1472,7
1473,5
1474,5
1475,6
1476,2
1477,4
1478,4
1479,5
1480,1
1481,7
1482,2
1483,1
1484,0
1485,4
1486,0
1487,2
1488,4
1489,7
1490,1
1491,0
1492,6
1493,6
1494,2
1495,1
1496,4
1497,6
1498,6
1499,2
1500,1
1501,6
1502,0
1503,3
1504,7
1505,2
1506,7
1507,0
1508,1
1509,3
1510,1
1511,6
1512,5
1513,5
1514,1
1515,3
1516,2
1517,1
1518,3
1519,0
1520,7
1521,4
1522,3
1523,3
1524,4
1525,0
1526,0
1527,0
1528,5
1529,1
1530,6
1531,1
1532,4
1533,3
1534,4
1535,6
1536,6
1537,2
1538,3
1539,6
1540,1
1541,1
1542,1
1543,6
1544,3
1545,7
1546,5
1547,1
1548,7
1549,7
1550,3
1551,1
1552,4
1553,0
1554,2
1555,4
1556,7
1557,4
1558,5
1559,3
1560,2
1561,4
1562,7
1563,0
1564,5
1565,4
1566,2
1567,6
1568,4
1569,3
1570,1
1571,5
1572,1
1573,6
1574,4
1575,5
1576,3
1577,6
1578,4
1579,3
1580,6
1581,7
1582,0
1583,2
1584,5
1585,1
1586,0
1587,4
1588,6
1589,4
1590,0
1591,2
1592,5
1593,0
1594,7
1595,0
1596,4
1597,3
1598,0
1599,3
1600,2
1601,7
1602,0
1603,7
1604,1
1605,3
1606,2
1607,5
1608,4
1609,0
1610,7
1611,2
1612,0
1613,7
1614,2
1615,6
1616,2
1617,1
1618,3
1619,3
1620,1
1621,7
1622,2
1623,4
1624,6
1625,3
1626,7
1627,0
1628,2
1629,7
1630,7
1631,7
1632,6
1633,5
1634,2
1635,4
1636,1
1637,6
1638,2
1639,4
1640,5
1641,7
1642,6
1643,6
1644,3
1645,0
1646,1
1647,3
1648,1
1649,7
1650,4
1651,0
1652,1
1653,5
1654,3
1655,1
1656,3
1657,7
1658,7
1659,1
1660,6
1661,0
1662,7
1663,7
1664,3
1665,4
1666,5
1667,3
1668,2
1669,0
1670,6
1671,2
1672,1
1673,1
1674,1
1675,6
1676,1
1677,3
1678,4
1679,1
1680,4
1681,3
1682,3
1683,3
1684,5
1685,6
1686,3
1687,2
1688,6
1689,2
1690,7
1691,2
1692,0
1693,6
1694,0
1695,6
1696,6
1697,6
1698,2
1699,5
1700,3
1701,2
1702,4
1703,0
1704,5
1705,0
1706,0
1707,3
1708,2
1709,6
1710,4
1711,1
1712,2
1713,4
1714,0
1715,5
1716,5
1717,2
1718,1
1719,7
1720,7
1721,6
1722,6
1723,4
1724,0
1725,1
1726,1
1727,2
1728,1
1729,2
1730,0
1731,1
1732,4
1733,2
1734,5
1735,5
1736,3
1737,2
1738,2
1739,4
1740,4
1741,2
1742,1
1743,3
1744,4
1745,4
1746,3
1747,6
1748,1
1749,1
1750,7
1751,7
1752,4
1753,2
1754,5
1755,7
1756,7
1757,1
1758,4
1759,3
1760,3
1761,0
1762,1
1763,0
1764,6
1765,2
1766,1
1767,2
1768,3
1769,1
1770,0
1771,2
1772,1
1773,0
1774,3
1775,6
1776,1
1777,2
1778,3
1779,5
1780,2
1781,3
1782,3
1783,3
1784,7
1785,6
1786,4
1787,2
1788,4
1789,6
1790,7
1791,2
1792,5
1793,0
1794,3
1795,2
1796,0
1797,1
1798,7
1799,7
1800,3
1801,4
1802,2
1803,4
1804,1
1805,7
1806,1
1807,3
1808,1
1809,7
1810,2
1811,3
1812,7
1813,0
1814,6
1815,3
1816,7
1817,1
1818,3
1819,5
1820,0
1821,0
1822,3
1823,7
1824,6
1825,2
1826,7
1827,6
1828,2
1829,6
1830,1
1831,3
1832,5
1833,3
1834,0
1835,3
1836,2
1837,6
1838,5
1839,2
1840,4
1841,1
1842,6
1843,7
1844,1
1845,0
1846,0
1847,6
1848,5
1849,5
1850,2
1851,2
1852,1
1853,7
1854,0
1855,1
1856,6
1857,7
1858,5
1859,5
1860,5
1861,3
1862,5
1863,7
1864,0
1865,6
1866,2
1867,7
1868,6
1869,7
1870,5
1871,1
1872,3
1873,1
1874,7
1875,2
1876,6
1877,3
1878,1
1879,4
1880,0
1881,1
1882,1
1883,7
1884,1
1885,3
1886,5
1887,0
1888,5
1889,5
1890,5
1891,6
1892,7
1893,7
1894,4
1895,2
1896,5
1897,5
1898,7
1899,7
1900,4
1901,1
1902,2
1903,3
1904,5
1905,7
1906,7
1907,4
1908,0
1909,2
1910,0
1911,6
1912,0
1913,5
1914,7
1915,4
1916,0
1917,5
1918,4
1919,6
1920,4
1921,5
1922,7
1923,2
1924,3
1925,2
1926,6
1927,5
1928,3
1929,0
1930,1
1931,3
1932,5
1933,4
1934,4
1935,6
1936,2
1937,4
1938,5
1939,4
1940,7
1941,3
1942,6
1943,4
1944,5
1945,2
1946,5
1947,2
1948,5
1949,3
1950,3
1951,1
1952,2
1953,7
1954,2
1955,0
1956,6
1957,4
1958,3
1959,0
1960,2
1961,7
1962,6
1963,5
1964,0
1965,0
1966,2
1967,3
1968,3
1969,6
1970,0
1971,2
1972,2
1973,0
1974,3
1975,5
1976,0
1977,6
1978,3
1979,0
1980,0
1981,7
1982,3
1983,1
1984,7
1985,4
1986,7
1987,1
1988,2
1989,5
1990,2
1991,2
1992,2
1993,2
1994,7
1995,2
1996,5
1997,5
1998,6
1999,1
2000,7
2001,6
2002,1
2003,0
2004,1
2005,7
2006,7
2007,2
2008,0
2009,2
2010,1
2011,7
2012,1
2013,7
2014,4
2015,7
2016,4
2017,2
2018,6
2019,4
2020,6
2021,5
2022,4
2023,3
2024,4
2025,2
2026,3
2027,5
2028,4
2029,3
2030,6
2031,0
2032,6
2033,5
2034,0
2035,3
2036,4
2037,2
2038,2
2039,3
2040,6
2041,6
2042,7
2043,7
2044,0
2045,5
2046,5
2047,2
2048,0
2049,3
2050,7
2051,2
2052,3
2053,4
2054,1
2055,5
2056,7
2057,5
2058,4
2059,4
2060,6
2061,2
2062,3
2063,2
2064,1
2065,2
2066,5
2067,6
2068,3
2069,7
2070,4
2071,6
2072,0
2073,3
2074,4
2075,7
2076,6
2077,0
2078,0
2079,3
2080,3
2081,6
2082,2
2083,3
2084,7
2085,2
2086,1
2087,5
2088,3
2089,4
2090,0
2091,7
2092,2
2093,2
2094,5
2095,5
2096,7
2097,4
2098,7
2099,7
2100,7
2101,0
2102,4
2103,6
2104,0
2105,7
2106,1
2107,0
2108,3
2109,7
2110,3
2111,2
2112,6
2113,2
2114,6
2115,6
2116,4
2117,7
2118,4
2119,6
2120,1
2121,0
2122,0
2123,7
2124,1
2125,4
2126,4
2127,1
2128,0
2129,5
2130,0
2131,6
2132,0
2133,4
2134,3
2135,1
2136,6
2137,3
2138,6
2139,1
2140,5
2141,4
2142,7
2143,6
2144,0
2145,1
2146,4
2147,4
2148,2
2149,4
2150,2
2151,5
2152,0
2153,7
2154,4
2155,4
2156,1
2157,6
2158,7
2159,7
2160,5
2161,4
2162,6
2163,4
2164,4
2165,3
2166,1
2167,0
2168,0
2169,0
2170,3
2171,3
2172,6
2173,6
2174,4
2175,0
2176,1
2177,2
2178,4
2179,4
2180,0
2181,7
2182,2
2183,5
2184,0
2185,3
2186,4
2187,5
2188,4
2189,1
2190,0
2191,6
2192,5
2193,1
2194,2
2195,1
2196,5
2197,5
2198,6
2199,2
2200,0
2201,5
2202,0
2203,6
2204,5
2205,5
2206,2
2207,7
2208,1
2209,5
2210,6
2211,7
2212,6
2213,1
2214,5
2215,4
2216,2
2217,2
2218,0
2219,3
2220,2
2221,6
2222,5
2223,0
2224,0
2225,3
2226,3
2227,4
2228,2
2229,2
2230,1
2231,0
2232,6
2233,1
2234,5
2235,1
2236,3
2237,1
2238,1
2239,4
2240,1
2241,2
2242,2
2243,4
2244,4
2245,3
2246,3
2247,2
2248,5
2249,6
2250,7
2251,5
2252,1
2253,3
2254,7
2255,2
2256,6
2257,4
2258,3
2259,5
2260,4
2261,2
2262,4
2263,1
2264,0
2265,6
2266,1
2267,4
2268,7
2269,2
2270,0
2271,7
2272,0
2273,1
2274,0
2275,4
2276,3
2277,3
2278,4
2279,0
2280,1
2281,6
2282,2
2283,4
2284,3
2285,2
2286,5
2287,6
2288,0
2289,3
2290,1
2291,6
2292,1
2293,5
2294,5
2295,6
2296,0
2297,3
2298,5
2299,0
2300,1
2301,0
2302,0
2303,7
2304,7
2305,2
2306,7
2307,7
2308,1
2309,3
2310,0
2311,6
2312,7
2313,2
2314,1
2315,7
2316,0
2317,1
2318,1
2319,4
2320,5
2321,0
2322,4
2323,4
2324,4
2325,3
2326,5
2327,6
2328,5
2329,0
2330,1
2331,5
2332,1
2333,3
2334,1
2335,4
2336,5
2337,5
2338,0
2339,4
2340,1
2341,2
2342,6
2343,3
2344,5
2345,2
2346,4
2347,7
2348,6
2349,2
2350,1
2351,4
2352,6
2353,4
2354,5
2355,2
2356,2
2357,4
2358,4
2359,2
2360,0
2361,5
2362,5
2363,2
2364,0
2365,3
2366,3
2367,7
2368,2
2369,2
2370,3
2371,3
2372,0
2373,7
2374,7
2375,0
2376,6
2377,6
2378,3
2379,4
2380,7
2381,4
2382,6
2383,5
2384,2
2385,5
2386,4
2387,6
2388,5
2389,1
2390,1
2391,2
2392,0
2393,2
2394,0
2395,0
2396,5
2397,1
2398,5
2399,0
2400,6
2401,1
2402,0
2403,6
2404,0
2405,4
2406,3
2407,4
2408,7
2409,6
2410,5
2411,5
2412,2
2413,7
2414,1
2415,7
2416,1
2417,4
2418,0
2419,0
2420,4
2421,0
2422,6
2423,5
2424,5
2425,7
2426,4
2427,6
2428,0
2429,3
2430,1
2431,6
2432,2
2433,3
2434,6
2435,2
2436,0
2437,0
2438,2
2439,0
2440,2
2441,2
2442,4
2443,2
2444,0
2445,3
2446,7
2447,3
2448,3
2449,1
2450,3
2451,1
2452,7
2453,2
2454,1
2455,3
2456,7
2457,4
2458,7
2459,5
2460,2
2461,3
2462,5
2463,2
2464,5
2465,6
2466,7
2467,2
2468,1
2469,3
2470,4
2471,4
2472,6
2473,2
2474,6
2475,5
2476,0
2477,0
2478,3
2479,1
2480,1
2481,5
2482,3
2483,1
2484,7
2485,0
2486,3
2487,6
2488,7
2489,1
2490,2
2491,5
2492,2
2493,7
2494,2
2495,4
2496,7
2497,3
2498,1
2499,3
2500,2
2501,5
2502,0
2503,7
2504,4
2505,6
2506,4
2507,3
2508,2
2509,6
2510,3
2511,0
2512,2
2513,6
2514,1
2515,7
2516,3
2517,0
2518,4
2519,4
2520,4
2521,6
2522,5
2523,5
2524,0
2525,1
2526,0
2527,2
2528,1
2529,3
2530,5
2531,0
2532,3
2533,6
2534,0
2535,1
2536,2
2537,6
2538,5
2539,7
2540,6
2541,5
2542,1
2543,1
2544,6
2545,6
2546,5
2547,4
2548,3
2549,4
2550,4
2551,5
2552,7
2553,3
2554,7
2555,6
2556,5
2557,7
2558,7
2559,7
2560,2
2561,4
2562,3
2563,7
2564,4
2565,6
2566,2
2567,3
2568,2
2569,3
2570,3
2571,7
2572,5
2573,5
2574,3
2575,3
2576,6
2577,3
2578,7
2579,7
2580,0
2581,3
2582,2
2583,2
2584,6
2585,1
2586,2
2587,7
2588,0
2589,3
2590,6
2591,1
2592,2
2593,0
2594,2
2595,1
2596,6
2597,6
2598,7
2599,5
2600,4
2601,3
2602,4
2603,3
2604,6
2605,6
2606,2
2607,7
2608,1
2609,7
2610,6
2611,1
2612,1
2613,4
2614,0
2615,2
2616,3
2617,6
2618,4
2619,0
2620,1
2621,4
2622,6
2623,1
2624,2
2625,6
2626,4
2627,5
2628,0
2629,4
2630,7
2631,6
2632,6
2633,7
2634,1
2635,4
2636,2
2637,0
2638,5
2639,4
2640,7
2641,1
2642,4
2643,1
2644,6
2645,1
2646,4
2647,6
2648,6
2649,4
2650,6
2651,3
2652,1
2653,1
2654,7
2655,6
2656,1
2657,5
2658,7
2659,3
2660,3
2661,1
2662,1
2663,7
2664,2
2665,0
2666,2
2667,2
2668,7
2669,4
2670,6
2671,3
2672,1
2673,1
2674,7
2675,0
2676,7
2677,1
2678,7
2679,6
2680,5
2681,1
2682,0
2683,6
2684,7
2685,4
2686,1
2687,1
2688,7
2689,7
2690,4
2691,5
2692,5
2693,5
2694,6
2695,0
2696,0
2697,4
2698,7
2699,4
2700,0
2701,0
2702,3
2703,4
2704,5
2705,6
2706,0
2707,6
2708,5
2709,4
2710,1
2711,1
2712,2
2713,7
2714,2
2715,1
2716,3
2717,4
2718,4
2719,1
2720,5
2721,3
2722,3
2723,0
2724,0
2725,1
2726,7
2727,0
2728,6
2729,5
2730,0
2731,3
2732,2
2733,6
2734,5
2735,6
2736,6
2737,2
2738,7
2739,2
2740,7
2741,2
2742,1
2743,0
2744,5
2745,4
2746,3
2747,5
2748,5
2749,1
2750,0
2751,7
2752,1
2753,1
2754,4
2755,7
2756,4
2757,3
2758,2
2759,7
2760,6
2761,2
2762,4
2763,6
2764,7
2765,4
2766,4
2767,1
2768,1
2769,4
2770,3
2771,5
2772,6
2773,3
2774,1
2775,2
2776,4
2777,2
2778,4
2779,2
2780,6
2781,3
2782,4
2783,2
2784,6
2785,1
2786,6
2787,0
2788,7
2789,5
2790,7
2791,6
2792,0
2793,3
2794,4
2795,6
2796,5
2797,4
2798,0
2799,7
2800,0
2801,4
2802,6
2803,6
2804,1
2805,7
2806,7
2807,0
2808,1
2809,0
2810,5
2811,7
2812,5
2813,2
2814,1
2815,3
2816,1
2817,3
2818,3
2819,3
2820,3
2821,6
2822,0
2823,5
2824,2
2825,7
2826,0
2827,2
2828,7
2829,4
2830,1
2831,5
2832,2
2833,2
2834,6
2835,6
2836,0
2837,6
2838,4
2839,1
2840,3
2841,6
2842,6
2843,4
2844,3
2845,7
2846,7
2847,2
2848,4
2849,7
2850,1
2851,1
2852,0
2853,5
2854,3
2855,3
2856,6
2857,0
2858,0
2859,3
2860,2
2861,6
2862,6
2863,6
2864,0
2865,7
2866,4
2867,4
2868,3
2869,0
2870,0
2871,6
2872,3
2873,4
2874,7
2875,3
2876,7
2877,0
2878,6
2879,6
2880,6
2881,5
2882,1
2883,2
2884,4
2885,4
2886,2
2887,1
2888,3
2889,5
2890,4
2891,1
2892,0
2893,1
2894,0
2895,0
2896,0
2897,1
2898,0
2899,1
2900,3
2901,6
2902,2
2903,7
2904,0
2905,2
2906,0
2907,2
2908,1
2909,6
2910,6
2911,0
2912,7
2913,6
2914,3
2915,5
2916,1
2917,2
2918,3
2919,6
2920,2
2921,6
2922,3
2923,3
2924,1
2925,5
2926,7
2927,3
2928,4
2929,1
2930,2
2931,4
2932,7
2933,6
2934,4
2935,3
2936,2
2937,0
2938,0
2939,1
2940,1
2941,1
2942,6
2943,7
2944,0
2945,0
2946,6
2947,3
2948,6
2949,7
2950,7
2951,3
2952,1
2953,3
2954,7
2955,1
2956,3
2957,1
2958,3
2959,0
2960,4
2961,7
2962,1
2963,6
2964,7
2965,1
2966,4
2967,3
2968,1
2969,6
2970,0
2971,1
2972,0
2973,2
2974,7
2975,4
2976,0
2977,4
2978,4
2979,3
2980,4
2981,3
2982,5
2983,0
2984,3
2985,4
2986,6
2987,4
2988,0
2989,7
2990,4
2991,7
2992,6
2993,4
2994,6
2995,7
2996,4
2997,0
2998,3
2999,6
3000,6
3001,4
3002,0
3003,1
3004,5
3005,7
3006,1
3007,6
3008,0
3009,3
3010,3
3011,6
3012,2
3013,6
3014,7
3015,4
3016,5
3017,2
3018,1
3019,4
3020,7
3021,6
3022,1
3023,7
3024,4
3025,6
3026,1
3027,6
3028,5
3029,1
3030,1
3031,5
3032,0
3033,2
3034,0
3035,2
3036,0
3037,2
3038,4
3039,6
3040,6
3041,3
3042,4
3043,4
3044,0
3045,0
3046,3
3047,7
3048,1
3049,3
3050,7
3051,1
3052,1
3053,7
3054,3
3055,1
3056,6
3057,7
3058,2
3059,4
3060,2
3061,6
3062,6
3063,7
3064,0
3065,1
3066,0
3067,4
3068,2
3069,1
3070,0
3071,4
3072,4
3073,6
3074,7
3075,4
3076,6
3077,1
3078,2
3079,2
3080,6
3081,0
3082,2
3083,2
3084,4
3085,0
3086,2
3087,4
3088,2
3089,5
3090,1
3091,0
3092,4
3093,6
3094,1
3095,5
3096,4
3097,7
3098,7
3099,6
3100,2
3101,6
3102,4
3103,7
3104,2
3105,2
3106,3
3107,6
3108,5
3109,1
3110,4
3111,5
3112,4
3113,2
3114,0
3115,7
3116,2
3117,2
3118,6
3119,1
3120,2
3121,2
3122,6
3123,3
3124,2
3125,0
3126,4
3127,7
3128,6
3129,5
3130,6
3131,1
3132,0
3133,0
3134,1
3135,7
3136,6
3137,1
3138,2
3139,3
3140,4
3141,0
3142,1
3143,7
3144,4
3145,7
3146,2
3147,1
3148,3
3149,5
3150,7
3151,7
3152,6
3153,5
3154,0
3155,4
3156,4
3157,6
3158,5
3159,4
3160,6
3161,4
3162,5
3163,4
3164,4
3165,7
3166,0
3167,5
3168,2
3169,2
3170,2
3171,3
3172,3
3173,7
3174,0
3175,1
3176,5
3177,1
3178,0
3179,0
3180,6
3181,1
3182,4
3183,7
3184,4
3185,6
3186,0
3187,4
3188,3
3189,7
3190,5
3191,4
3192,2
3193,2
3194,4
3195,0
3196,7
3197,3
3198,7
3199,1
3200,5
3201,5
3202,4
3203,5
3204,3
3205,4
3206,3
3207,2
3208,7
3209,6
3210,2
3211,3
3212,3
3213,7
3214,7
3215,1
3216,6
3217,4
3218,6
3219,3
3220,6
3221,3
3222,4
3223,1
3224,4
3225,1
3226,3
3227,5
3228,0
3229,3
3230,6
3231,3
3232,0
3233,2
3234,0
3235,2
3236,3
3237,0
3238,0
3239,3
3240,3
3241,0
3242,0
3243,2
3244,2
3245,5
3246,6
3247,4
3248,3
3249,1
3250,2
3251,0
3252,5
3253,2
3254,1
3255,0
3256,4
3257,0
3258,2
3259,2
3260,0
3261,1
3262,7
3263,1
3264,2
3265,0
3266,6
3267,2
3268,4
3269,4
3270,0
3271,4
3272,0
3273,5
3274,1
3275,7
3276,4
3277,5
3278,2
3279,0
3280,4
3281,4
3282,4
3283,4
3284,0
3285,4
3286,6
3287,4
3288,0
3289,6
3290,0
3291,7
3292,6
3293,5
3294,0
3295,6
3296,3
3297,1
3298,5
3299,4
3300,4
3301,7
3302,3
3303,4
3304,6
3305,7
3306,6
3307,0
3308,0
3309,5
3310,3
3311,7
3312,0
3313,5
3314,3
3315,6
3316,0
3317,1
3318,1
3319,2
3320,2
3321,5
3322,6
3323,5
3324,2
3325,5
3326,2
3327,0
3328,3
3329,5
3330,6
3331,0
3332,5
3333,0
3334,0
3335,4
3336,6
3337,5
3338,7
3339,5
3340,6
3341,7
3342,0
3343,6
3344,7
3345,4
3346,0
3347,7
3348,4
3349,1
3350,3
3351,5
3352,1
3353,4
3354,4
3355,4
3356,4
3357,2
3358,5
3359,7
3360,3
3361,2
3362,2
3363,7
3364,6
3365,1
3366,1
3367,3
3368,6
3369,7
3370,4
3371,7
3372,6
3373,2
3374,3
3375,0
3376,1
3377,1
3378,3
3379,6
3380,5
3381,4
3382,4
3383,3
3384,6
3385,3
3386,2
3387,3
3388,5
3389,4
3390,1
3391,5
3392,2
3393,1
3394,7
3395,1
3396,0
3397,1
3398,4
3399,2
3400,1
3401,5
3402,5
3403,6
3404,1
3405,6
3406,2
3407,3
3408,7
3409,5
3410,4
3411,4
3412,1
3413,3
3414,3
3415,4
3416,0
3417,2
3418,7
3419,3
3420,4
3421,3
3422,6
3423,7
3424,1
3425,2
3426,5
3427,5
3428,2
3429,7
3430,2
3431,0
3432,4
3433,7
3434,1
3435,1
3436,7
3437,2
3438,6
3439,7
3440,0
3441,6
3442,3
3443,1
3444,2
3445,4
3446,2
3447,2
3448,7
3449,1
3450,5
3451,3
3452,2
3453,0
3454,3
3455,0
3456,6
3457,5
3458,6
3459,4
3460,4
3461,5
3462,3
3463,6
3464,1
3465,5
3466,2
3467,0
3468,6
3469,0
3470,7
3471,5
3472,4
3473,5
3474,7
3475,4
3476,0
3477,0
3478,7
3479,2
3480,3
3481,0
3482,2
3483,4
3484,5
3485,1
3486,1
3487,5
3488,3
3489,3
3490,0
3491,5
3492,7
3493,2
3494,7
3495,3
3496,7
3497,7
3498,6
3499,4
3500,0
3501,7
3502,4
3503,5
3504,4
3505,3
3506,2
3507,5
3508,1
3509,0
3510,3
3511,6
3512,5
3513,7
3514,7
3515,6
3516,7
3517,0
3518,0
3519,1
3520,0
3521,2
3522,4
3523,1
3524,1
3525,6
3526,5
3527,0
3528,6
3529,5
3530,6
3531,5
3532,4
3533,7
3534,7
3535,6
3536,7
3537,6
3538,2
3539,5
3540,7
3541,2
3542,6
3543,6
3544,4
3545,6
3546,4
3547,0
3548,0
3549,3
3550,0
3551,2
3552,3
3553,4
3554,2
3555,7
3556,5
3557,1
3558,6
3559,5
3560,7
3561,0
3562,1
3563,3
3564,3
3565,0
3566,6
3567,1
3568,5
3569,0
3570,0
3571,4
3572,2
3573,0
3574,0
3575,2
3576,1
3577,6
3578,0
3579,2
3580,6
3581,4
3582,1
3583,0
3584,6
3585,7
3586,2
3587,0
3588,0
3589,3
3590,3
3591,1
3592,1
3593,6
3594,1
3595,5
3596,3
3597,2
3598,2
3599,5
3600,7
3601,7
3602,3
3603,1
3604,0
3605,1
3606,0
3607,1
3608,2
3609,5
3610,5
3611,6
3612,3
3613,1
3614,2
3615,4
3616,1
3617,5
3618,4
3619,4
3620,4
3621,5
3622,2
3623,5
3624,5
3625,0
3626,4
3627,3
3628,6
3629,6
3630,3
3631,3
3632,4
3633,5
3634,5
3635,5
3636,3
3637,4
3638,0
3639,3
3640,1
3641,4
3642,1
3643,1
3644,6
3645,4
3646,5
3647,6
3648,2
3649,5
3650,7
3651,2
3652,0
3653,5
3654,3
3655,0
3656,1
3657,7
3658,3
3659,6
3660,4
3661,2
3662,1
3663,2
3664,4
3665,1
3666,4
3667,0
3668,3
3669,3
3670,6
3671,1
3672,6
3673,4
3674,5
3675,6
3676,0
3677,4
3678,0
3679,5
3680,3
3681,6
3682,5
3683,3
3684,4
3685,4
3686,0
3687,3
3688,7
3689,1
3690,6
3691,6
3692,4
3693,7
3694,3
3695,3
3696,0
3697,2
3698,1
3699,1
3700,6
3701,5
3702,3
3703,3
3704,7
3705,3
3706,1
3707,3
3708,0
3709,1
3710,4
3711,2
3712,3
3713,2
3714,4
3715,6
3716,1
3717,3
3718,7
3719,5
3720,7
3721,0
3722,5
3723,2
3724,6
3725,6
3726,2
3727,6
3728,7
3729,2
3730,4
3731,0
3732,6
3733,2
3734,6
3735,0
3736,6
3737,3
3738,5
3739,0
3740,6
3741,3
3742,0
3743,4
3744,3
3745,0
3746,5
3747,4
3748,6
3749,0
3750,1
3751,7
3752,7
3753,2
3754,0
3755,2
3756,2
3757,5
3758,7
3759,2
3760,1
3761,0
3762,5
3763,6
3764,2
3765,2
3766,1
3767,1
3768,3
3769,3
3770,0
3771,6
3772,3
3773,2
3774,6
3775,4
3776,2
3777,0
3778,7
3779,4
3780,3
3781,4
3782,6
3783,1
3784,1
3785,1
3786,6
3787,0
3788,1
3789,6
3790,7
3791,0
3792,7
3793,4
3794,4
3795,3
3796,3
3797,5
3798,2
3799,5
3800,4
3801,2
3802,3
3803,5
3804,5
3805,6
3806,4
3807,1
3808,0
3809,2
3810,4
3811,7
3812,1
3813,0
3814,6
3815,2
3816,4
3817,4
3818,0
3819,2
3820,2
3821,7
3822,5
3823,7
3824,7
3825,6
3826,0
3827,6
3828,7
3829,3
3830,3
3831,5
3832,3
3833,2
3834,6
3835,4
3836,6
3837,7
3838,3
3839,4
3840,6
3841,6
3842,2
3843,5
3844,7
3845,3
3846,1
3847,3
3848,1
3849,3
3850,6
3851,0
3852,5
3853,2
3854,0
3855,0
3856,3
3857,6
3858,3
3859,0
3860,1
3861,4
3862,2
3863,0
3864,7
3865,2
3866,1
3867,3
3868,6
3869,5
3870,3
3871,5
3872,2
3873,4
3874,2
3875,5
3876,5
3877,4
3878,6
3879,3
3880,7
3881,6
3882,0
3883,3
3884,3
3885,6
3886,7
3887,2
3888,3
3889,4
3890,3
3891,0
3892,6
3893,0
3894,7
3895,7
3896,1
3897,2
3898,4
3899,4
3900,4
3901,0
3902,4
3903,3
3904,6
3905,4
3906,4
3907,7
3908,4
3909,5
3910,6
3911,3
3912,6
3913,5
3914,6
3915,2
3916,2
3917,2
3918,3
3919,6
3920,6
3921,1
3922,0
3923,7
3924,0
3925,0
3926,4
3927,2
3928,0
3929,2
3930,7
3931,4
3932,0
3933,1
3934,6
3935,7
3936,2
3937,6
3938,0
3939,5
3940,3
3941,5
3942,2
3943,2
3944,7
3945,0
3946,7
3947,7
3948,5
3949,0
3950,4
3951,3
3952,4
3953,3
3954,4
3955,5
3956,6
3957,2
3958,0
3959,0
3960,4
3961,2
3962,1
3963,6
3964,2
3965,6
3966,0
3967,0
3968,5
3969,3
3970,6
3971,4
3972,2
3973,4
3974,7
3975,1
3976,0
3977,7
3978,5
3979,7
3980,1
3981,7
3982,2
3983,2
3984,5
3985,3
3986,6
3987,1
3988,0
3989,7
3990,2
3991,2
3992,5
3993,2
3994,3
3995,0
3996,3
3997,0
3998,3
3999,7
4000,7
4001,1
4002,5
4003,7
4004,1
4005,2
4006,0
4007,7
4008,3
4009,2
4010,6
4011,4
4012,0
4013,7
4014,5
4015,3
4016,2
4017,2
4018,5
4019,3
4020,7
4021,0
4022,3
4023,7
4024,4
4025,2
4026,5
4027,2
4028,2
4029,0
4030,7
4031,3
4032,0
4033,2
4034,6
4035,4
4036,1
4037,7
4038,4
4039,5
4040,0
4041,1
4042,3
4043,6
4044,1
4045,0
4046,4
4047,5
4048,2
4049,6
4050,2
4051,5
4052,2
4053,3
4054,3
4055,0
4056,0
4057,3
4058,7
4059,5
4060,7
4061,4
4062,4
4063,5
4064,1
4065,4
4066,1
4067,3
4068,1
4069,3
4070,2
4071,3
4072,6
4073,4
4074,3
4075,5
4076,5
4077,2
4078,1
4079,1
4080,5
4081,1
4082,5
4083,4
4084,1
4085,2
4086,2
4087,4
4088,1
4089,3
4090,1
4091,1
4092,3
4093,6
4094,2
4095,5
4096,1
4097,1
4098,6
4099,5
4100,2
4101,6
4102,3
4103,0
4104,5
4105,4
4106,0
4107,7
4108,2
4109,5
4110,2
4111,6
4112,4
4113,1
4114,6
4115,3
4116,5
4117,4
4118,7
4119,4
4120,0
4121,3
4122,2
4123,5
4124,5
4125,5
4126,0
4127,2
4128,0
4129,7
4130,5
4131,2
4132,3
4133,0
4134,7
4135,5
4136,5
4137,7
4138,0
4139,7
4140,3
4141,1
4142,0
4143,5
4144,6
4145,0
4146,4
4147,7
4148,5
4149,0
4150,3
4151,7
4152,4
4153,4
4154,3
4155,2
4156,5
4157,0
4158,0
4159,4
4160,6
4161,0
4162,5
4163,1
4164,4
4165,1
4166,6
4167,1
4168,7
4169,6
4170,4
4171,3
4172,5
4173,7
4174,2
4175,5
4176,3
4177,5
4178,1
4179,3
4180,1
4181,0
4182,7
4183,6
4184,6
4185,4
4186,5
4187,7
4188,4
4189,1
4190,0
4191,5
4192,4
4193,3
4194,7
4195,3
4196,5
4197,2
4198,7
4199,5
4200,2
4201,2
4202,4
4203,4
4204,2
4205,5
4206,2
4207,7
4208,4
4209,7
4210,3
4211,5
4212,1
4213,3
4214,1
4215,1
4216,4
4217,5
4218,5
4219,5
4220,0
4221,7
4222,1
4223,2
4224,2
4225,7
4226,4
4227,7
4228,7
4229,1
4230,4
4231,0
4232,6
4233,1
4234,0
4235,1
4236,1
4237,4
4238,6
4239,3
4240,0
4241,0
4242,3
4243,5
4244,6
4245,1
4246,1
4247,7
4248,0
4249,5
4250,6
4251,4
4252,4
4253,2
4254,3
4255,6
4256,6
4257,6
4258,1
4259,6
4260,1
4261,0
4262,3
4263,3
4264,4
4265,5
4266,0
4267,2
4268,2
4269,5
4270,7
4271,0
4272,7
4273,7
4274,1
4275,5
4276,7
4277,2
4278,1
4279,1
4280,1
4281,6
4282,7
4283,3
4284,5
4285,2
4286,5
4287,7
4288,2
4289,7
4290,1
4291,7
4292,3
4293,5
4294,5
4295,6
4296,3
4297,5
4298,3
4299,1
4300,6
4301,6
4302,5
4303,7
4304,1
4305,4
4306,4
4307,2
4308,5
4309,6
4310,7
4311,6
4312,0
4313,7
4314,7
4315,2
4316,5
4317,7
4318,0
4319,5
4320,5
4321,2
4322,3
4323,3
4324,6
4325,2
4326,2
4327,0
4328,3
4329,1
4330,2
4331,4
4332,4
4333,1
4334,0
4335,7
4336,7
4337,7
4338,6
4339,6
4340,7
4341,5
4342,5
4343,7
4344,4
4345,7
4346,7
4347,2
4348,3
4349,1
4350,5
4351,1
4352,0
4353,7
4354,6
4355,1
4356,1
4357,5
4358,1
4359,1
4360,4
4361,0
4362,5
4363,3
4364,4
4365,5
4366,7
4367,1
4368,0
4369,0
4370,5
4371,1
4372,5
4373,7
4374,1
4375,4
4376,5
4377,0
4378,7
4379,3
4380,7
4381,0
4382,2
4383,3
4384,1
4385,6
4386,3
4387,3
4388,4
4389,0
4390,4
4391,3
4392,7
4393,4
4394,4
4395,7
4396,7
4397,1
4398,4
4399,4
4400,5
4401,7
4402,2
4403,3
4404,7
4405,4
4406,3
4407,4
4408,4
4409,1
4410,7
4411,4
4412,2
4413,5
4414,7
4415,2
4416,3
4417,0
4418,2
4419,6
4420,0
4421,2
4422,1
4423,3
4424,3
4425,4
4426,7
4427,7
4428,3
4429,7
4430,5
4431,1
4432,4
4433,5
4434,5
4435,2
4436,6
4437,5
4438,5
4439,7
4440,0
4441,2
4442,6
4443,6
4444,3
4445,6
4446,6
4447,6
4448,3
4449,3
4450,3
4451,4
4452,4
4453,2
4454,1
4455,4
4456,1
4457,0
4458,5
4459,5
4460,3
4461,6
4462,3
4463,7
4464,7
4465,0
4466,5
4467,1
4468,1
4469,0
4470,5
4471,6
4472,1
4473,3
4474,6
4475,0
4476,3
4477,4
4478,5
4479,1
4480,3
4481,0
4482,5
4483,5
4484,0
4485,2
4486,4
4487,4
4488,0
4489,0
4490,0
4491,6
4492,4
4493,6
4494,6
4495,7
4496,6
4497,1
4498,4
4499,6
4500,0
4501,6
4502,5
4503,1
4504,7
4505,4
4506,5
4507,3
4508,0
4509,0
4510,6
4511,1
4512,2
4513,0
4514,2
4515,1
4516,4
4517,1
4518,1
4519,3
4520,0
4521,4
4522,6
4523,4
4524,7
4525,5
4526,1
4527,1
4528,2
4529,4
4530,3
4531,7
4532,3
4533,6
4534,4
4535,7
4536,4
4537,7
4538,6
4539,1
4540,6
4541,1
4542,7
4543,2
4544,2
4545,1
4546,5
4547,7
4548,6
4549,1
4550,2
4551,4
4552,5
4553,6
4554,2
4555,4
4556,4
4557,4
4558,1
4559,4
4560,7
4561,3
4562,3
4563,7
4564,6
4565,1
4566,6
4567,4
4568,7
4569,6
4570,4
4571,5
4572,1
4573,4
4574,1
4575,5
4576,7
4577,7
4578,4
4579,3
4580,1
4581,5
4582,2
4583,2
4584,5
4585,4
4586,3
4587,6
4588,2
4589,1
4590,7
4591,7
4592,3
4593,1
4594,3
4595,2
4596,2
4597,2
4598,4
4599,3
4600,7
4601,1
4602,7
4603,2
4604,2
4605,1
4606,7
4607,1
4608,3
4609,4
4610,1
4611,7
4612,6
4613,7
4614,6
4615,1
4616,5
4617,6
4618,7
4619,7
4620,7
4621,2
4622,5
4623,7
4624,1
4625,4
4626,4
4627,5
4628,5
4629,6
4630,4
4631,3
4632,7
4633,5
4634,7
4635,7
4636,3
4637,3
4638,2
4639,6
4640,7
4641,7
4642,3
4643,6
4644,2
4645,5
4646,3
4647,3
4648,3
4649,3
4650,3
4651,6
4652,2
4653,6
4654,6
4655,6
4656,2
4657,5
4658,6
4659,7
4660,5
4661,7
4662,6
4663,1
4664,7
4665,7
4666,6
4667,7
4668,2
4669,2
4670,6
4671,7
4672,7
4673,7
4674,3
4675,2
4676,2
4677,3
4678,3
4679,1
4680,5
4681,1
4682,6
4683,1
4684,6
4685,2
4686,1
4687,5
4688,3
4689,5
4690,3
4691,5
4692,3
4693,5
4694,3
4695,3
4696,3
4697,2
4698,1
4699,3
4700,2
4701,1
4702,1
4703,5
4704,1
4705,5
4706,2
4707,2
4708,5
4709,3
4710,5
4711,2
4712,1
4713,1
4714,1
4715,5
4716,2
4717,1
4718,2
4719,3
4720,2
4721,3
4722,3
4723,3
4724,2
4725,3
4726,3
4727,1
4728,3
4729,2
4730,5
4731,1
4732,2
4733,1
4734,5
4735,1
4736,5
4737,1
4738,5
4739,5
4740,1
4741,2
4742,1
4743,2
4744,2
4745,5
4746,2
4747,5
4748,2
4749,2
4750,1
4751,2
4752,2
4753,1
4754,1
4755,1
4756,1
4757,2
4758,5
4759,2
4760,1
4761,5
4762,1
4763,1
4764,5
4765,1
4766,1
4767,2
4768,5
4769,1
4770,5
4771,1
4772,2
4773,2
4774,1
4775,2
4776,5
4777,5
4778,5
4779,2
4780,2
4781,5
4782,2
4783,5
4784,5
4785,5
4786,2
4787,5
4788,2
4789,5
4790,2
4791,5
4792,2
4793,2
4794,2
4795,5
4796,5
4797,5
4798,5
4799,5
